"ProbeID","CHR","MAPINFO","genome","BLAT_score","base","is_cpg"
"cg17145354_BC21","chr1",12782,"Reverse_unmethylated",44,"C",TRUE
"cg06368213_BC21","chr1",23794,"Reverse_meth_and_unmeth",45,"C",FALSE
"cg21274067_BC21","chr1",29927,"Forward_meth_and_unmeth",44,"C",TRUE
"cg18692739_BC21","chr1",33674,"Reverse_methylated",44,"C",FALSE
"cg12481650_BC21","chr1",35419,"Forward_unmethylated",44,"T",FALSE
"cg22816148_BC21","chr1",35428,"Forward_meth_and_unmeth",44,"C",TRUE
"cg26942764_BC11","chr1",39643,"Forward_unmethylated",44,"T",FALSE
"cg21167451_BC21","chr1",39643,"Forward_unmethylated",44,"T",FALSE
"cg17893788_BC21","chr1",39726,"Reverse_unmethylated",46,"C",FALSE
"cg21105614_BC21","chr1",39820,"Forward_unmethylated",46,"T",FALSE
"cg01604178_TC21","chr1",45343,"Forward_meth_and_unmeth",44,"T",FALSE
"cg24524474_BC21","chr1",49033,"Reverse_unmethylated",44,"C",FALSE
"cg17865413_BC21","chr1",49211,"Forward_meth_and_unmeth",44,"T",FALSE
"cg22140767_BC21","chr1",49491,"Reverse_unmethylated",46,"C",TRUE
"cg17903655_TC21","chr1",51641,"Forward_unmethylated",46,"C",TRUE
"cg22349594_TC21","chr1",51641,"Forward_unmethylated",46,"C",TRUE
"cg00393618_BC21","chr1",51648,"Forward_unmethylated",46,"C",TRUE
"cg21966637_BC21","chr1",51648,"Forward_meth_and_unmeth",44,"C",TRUE
"cg22284867_BC21","chr1",51648,"Forward_unmethylated",46,"C",TRUE
"cg12268458_BC21","chr1",51662,"Forward_unmethylated",45,"C",TRUE
"cg22566599_BC11","chr1",51693,"Reverse_methylated",46,"C",TRUE
"cg24530266_TC21","chr1",54846,"Forward_meth_and_unmeth",46,"T",FALSE
"cg00889544_BC21","chr1",64563,"Forward_meth_and_unmeth",47,"C",TRUE
"cg08566162_BC21","chr1",64563,"Forward_meth_and_unmeth",46,"C",TRUE
"cg10500164_BC21","chr1",73263,"Forward_meth_and_unmeth",46,"T",FALSE
"cg27498019_BC11","chr1",74091,"Forward_unmethylated",46,"C",TRUE
"cg00555773_BC21","chr1",74091,"Forward_meth_and_unmeth",46,"C",TRUE
"cg15364281_BC21","chr1",74091,"Forward_meth_and_unmeth",44,"C",TRUE
"cg08447606_TC21","chr1",74294,"Forward_meth_and_unmeth",46,"C",TRUE
"cg25406543_BC21","chr1",74307,"Forward_meth_and_unmeth",46,"C",TRUE
"cg22805481_BC21","chr1",74415,"Forward_meth_and_unmeth",44,"C",TRUE
"cg18960304_BC21","chr1",74577,"Forward_meth_and_unmeth",46,"T",FALSE
"cg25410510_BC21","chr1",76233,"Forward_meth_and_unmeth",46,"A",FALSE
"ch.18.164884R_TC21","chr1",76340,"Forward_meth_and_unmeth",46,"A",FALSE
"ch.18.773216R_BC21","chr1",76340,"Forward_meth_and_unmeth",46,"A",FALSE
"cg10864446_BC21","chr1",77003,"Reverse_methylated",44,"C",FALSE
"cg18304246_BC11","chr1",77077,"Reverse_unmethylated",44,"A",FALSE
"cg15090096_TC21","chr1",77089,"Reverse_meth_and_unmeth",44,"C",TRUE
"cg22247319_BC21","chr1",80853,"Forward_unmethylated",44,"A",FALSE
"cg25208374_BC21","chr1",80853,"Forward_unmethylated",44,"A",FALSE
"cg09903670_TC21","chr1",80857,"Forward_meth_and_unmeth",44,"C",TRUE
"cg06669690_BC21","chr1",80857,"Forward_meth_and_unmeth",46,"C",TRUE
"cg00068011_BC21","chr1",87134,"Forward_meth_and_unmeth",44,"A",FALSE
"cg24985305_BC21","chr1",87135,"Forward_meth_and_unmeth",44,"G",FALSE
"cg20567388_BC21","chr1",87135,"Forward_meth_and_unmeth",46,"G",FALSE
"cg08295926_BC21","chr1",90967,"Reverse_unmethylated",45,"C",FALSE
"cg00094060_BC21","chr1",90968,"Reverse_unmethylated",44,"C",TRUE
"cg13624377_TC11","chr1",91075,"Forward_unmethylated",44,"T",FALSE
"cg21986434_BC21","chr1",91550,"Reverse_meth_and_unmeth",46,"C",TRUE
